{"errors":[],"warnings":[],"namedChunkGroups":{"app":{"chunks":[9,2],"assets":["webpack-runtime-c9cf7a40946392fe717c.js","webpack-runtime-c9cf7a40946392fe717c.js.map","app-cd07846067ae553219f9.js","app-cd07846067ae553219f9.js.map"],"children":{},"childAssets":{}},"component---node-modules-gatsby-plugin-offline-app-shell-js":{"chunks":[3],"assets":["component---node-modules-gatsby-plugin-offline-app-shell-js-9538d068e15af3827374.js","component---node-modules-gatsby-plugin-offline-app-shell-js-9538d068e15af3827374.js.map"],"children":{},"childAssets":{}},"component---src-pages-404-js":{"chunks":[0,1,4],"assets":["0-39adb49a81af88da0525.js","0-39adb49a81af88da0525.js.map","1.53563622626883568b07.css","1-9f6402ecae286f336167.js","1-9f6402ecae286f336167.js.map","component---src-pages-404-js-d00e7aa352b6b39f55c5.js","component---src-pages-404-js-d00e7aa352b6b39f55c5.js.map"],"children":{},"childAssets":{}},"component---src-pages-details-js":{"chunks":[0,1,5],"assets":["0-39adb49a81af88da0525.js","0-39adb49a81af88da0525.js.map","1.53563622626883568b07.css","1-9f6402ecae286f336167.js","1-9f6402ecae286f336167.js.map","component---src-pages-details-js-663d6d24edb41045af7f.js","component---src-pages-details-js-663d6d24edb41045af7f.js.map"],"children":{},"childAssets":{}},"component---src-pages-index-js":{"chunks":[0,8,1,6],"assets":["0-39adb49a81af88da0525.js","0-39adb49a81af88da0525.js.map","8-b22e81f8d0f29ce8cb5f.js","8-b22e81f8d0f29ce8cb5f.js.map","1.53563622626883568b07.css","1-9f6402ecae286f336167.js","1-9f6402ecae286f336167.js.map","component---src-pages-index-js-e5597d4ebedbe629a092.js","component---src-pages-index-js-e5597d4ebedbe629a092.js.map"],"children":{},"childAssets":{}}},"assetsByChunkName":{"app":["webpack-runtime-c9cf7a40946392fe717c.js","app-cd07846067ae553219f9.js"],"component---node-modules-gatsby-plugin-offline-app-shell-js":["component---node-modules-gatsby-plugin-offline-app-shell-js-9538d068e15af3827374.js"],"component---src-pages-404-js":["0-39adb49a81af88da0525.js","1.53563622626883568b07.css","1-9f6402ecae286f336167.js","component---src-pages-404-js-d00e7aa352b6b39f55c5.js"],"component---src-pages-details-js":["0-39adb49a81af88da0525.js","1.53563622626883568b07.css","1-9f6402ecae286f336167.js","component---src-pages-details-js-663d6d24edb41045af7f.js"],"component---src-pages-index-js":["0-39adb49a81af88da0525.js","8-b22e81f8d0f29ce8cb5f.js","1.53563622626883568b07.css","1-9f6402ecae286f336167.js","component---src-pages-index-js-e5597d4ebedbe629a092.js"]}}